[
    {
        "cliente": {
            "nombre_cliente": "Brenda Hernandez",
            "direccion": "C LAUREL 27 27, 1",
            "telefono": "8989898989",
            "metodo_pago": "Efectivo"
        },
        "productos": {
            "Americano": {
                "precio": 25,
                "cantidad": 1
            },
            "Galletas caseras": {
                "precio": 18,
                "cantidad": 1
            }
        },
        "total": 86,
        "fecha": "2025-06-23 23:56:16"
    },
    {
        "cliente": {
            "nombre_cliente": "CD",
            "direccion": "C LAUREL 27 27, 1",
            "telefono": "0980980808",
            "metodo_pago": "Efectivo"
        },
        "productos": {
            "Galletas caseras": {
                "precio": 18,
                "cantidad": 6
            }
        },
        "total": 108,
        "fecha": "2025-06-24 02:34:03"
    },
    {
        "cliente": {
            "nombre_cliente": "karla",
            "direccion": "C LAUREL 27 27, 1",
            "telefono": "34567890",
            "metodo_pago": "Efectivo"
        },
        "productos": {
            "Té helado": {
                "precio": 24,
                "cantidad": 1
            }
        },
        "total": 48,
        "fecha": "2025-06-24 02:39:06"
    },
    {
        "cliente": {
            "nombre_cliente": "Brenda Hernandez",
            "direccion": "C LAUREL 27 27, 1",
            "telefono": "5526569520",
            "metodo_pago": "Efectivo"
        },
        "productos": {
            "Té helado": {
                "precio": 24,
                "cantidad": 2
            }
        },
        "total": 96,
        "fecha": "2025-06-24 02:39:23"
    },
    {
        "cliente": {
            "nombre_cliente": "Brenda Hernandez",
            "direccion": "C LAUREL 27 27, 1",
            "telefono": "7898787987",
            "metodo_pago": "Efectivo"
        },
        "productos": {
            "Mocha": {
                "precio": 35,
                "cantidad": 1
            }
        },
        "total": 70,
        "fecha": "2025-06-24 02:41:04"
    },
    {
        "cliente": {
            "nombre_cliente": "karla",
            "direccion": "C LAUREL 27 27, 1",
            "telefono": "3456789000",
            "metodo_pago": "Efectivo"
        },
        "productos": {
            "Espresso": {
                "precio": 28,
                "cantidad": 1
            }
        },
        "total": 56,
        "fecha": "2025-06-24 02:42:10"
    },
    {
        "cliente": {
            "nombre_cliente": "xspoxos",
            "direccion": "C LAUREL 27 27, 1",
            "telefono": "0980980808",
            "metodo_pago": "Efectivo"
        },
        "productos": {
            "Café helado": {
                "precio": 33,
                "cantidad": 2
            }
        },
        "total": 66,
        "fecha": "2025-06-24 02:50:56"
    },
    {
        "cliente": {
            "nombre_cliente": "karla",
            "direccion": "C LAUREL 27 27, 1",
            "telefono": "3456789000",
            "metodo_pago": "Efectivo"
        },
        "productos": {
            "Wraps": {
                "precio": 33,
                "cantidad": 2
            }
        },
        "total": 66,
        "fecha": "2025-06-24 02:52:26"
    },
    {
        "cliente": {
            "nombre_cliente": "Brenda Hernandez",
            "direccion": "C LAUREL 27 27, 1",
            "telefono": "3456789000",
            "metodo_pago": "Efectivo"
        },
        "productos": {
            "Té helado": {
                "precio": 24,
                "cantidad": 1
            }
        },
        "total": 24,
        "fecha": "2025-06-24 02:54:32"
    },
    {
        "cliente": {
            "nombre_cliente": "karla",
            "direccion": "C LAUREL 27 27, 1",
            "telefono": "7897779798",
            "metodo_pago": "Efectivo"
        },
        "productos": {
            "Muffin de chocolate ": {
                "precio": 20,
                "cantidad": 1
            }
        },
        "total": 20,
        "fecha": "2025-06-24 02:55:32"
    },
    {
        "cliente": {
            "nombre_cliente": "karla",
            "direccion": "C LAUREL 27 27, 1",
            "telefono": "7897779798",
            "metodo_pago": "Efectivo"
        },
        "productos": [],
        "total": 0,
        "fecha": "2025-06-24 02:56:10"
    },
    {
        "cliente": {
            "nombre_cliente": "karla",
            "direccion": "C LAUREL 27 27, 1",
            "telefono": "7897779798",
            "metodo_pago": "Efectivo"
        },
        "productos": [],
        "total": 0,
        "fecha": "2025-06-24 02:56:19"
    },
    {
        "cliente": {
            "nombre_cliente": "karla",
            "direccion": "C LAUREL 27 27, 1",
            "telefono": "7897779798",
            "metodo_pago": "Efectivo"
        },
        "productos": [],
        "total": 0,
        "fecha": "2025-06-24 02:57:09"
    },
    {
        "cliente": {
            "nombre_cliente": "CD",
            "direccion": "C LAUREL 27 27, 1",
            "telefono": "3456789000",
            "metodo_pago": "Efectivo"
        },
        "productos": {
            "Té helado": {
                "precio": 24,
                "cantidad": 3
            }
        },
        "total": 72,
        "fecha": "2025-06-24 02:57:26"
    },
    {
        "cliente": {
            "nombre_cliente": "Brenda Hernandez",
            "direccion": "C LAUREL 27 27, 1",
            "telefono": "0980980808",
            "metodo_pago": "Efectivo"
        },
        "productos": {
            "Té helado": {
                "precio": 24,
                "cantidad": 2
            }
        },
        "total": 48,
        "fecha": "2025-06-24 02:59:21"
    },
    {
        "cliente": {
            "nombre_cliente": "CD",
            "direccion": "C LAUREL 27 27, 1",
            "telefono": "1345787654",
            "metodo_pago": "Efectivo"
        },
        "productos": {
            "Ensaladas": {
                "precio": 30,
                "cantidad": 1
            }
        },
        "total": 0,
        "fecha": "2025-06-24 03:01:29"
    },
    {
        "cliente": {
            "nombre_cliente": "xspoxos",
            "direccion": "C LAUREL 27 27, 1",
            "telefono": "3456789000",
            "metodo_pago": "Efectivo"
        },
        "productos": {
            "Wraps": {
                "precio": 33,
                "cantidad": 1
            }
        },
        "total": 0,
        "fecha": "2025-06-24 03:02:59"
    },
    {
        "cliente": {
            "nombre_cliente": "Brenda Hernandez",
            "direccion": "C LAUREL 27 27, 1",
            "telefono": "0980980808",
            "metodo_pago": "Efectivo"
        },
        "productos": {
            "Wraps": {
                "precio": 33,
                "cantidad": 3
            }
        },
        "total": 99,
        "fecha": "2025-06-24 03:07:58"
    },
    {
        "cliente": {
            "nombre_cliente": "wewre",
            "direccion": "C LAUREL 27 27, 1",
            "telefono": "0980980808",
            "metodo_pago": "Efectivo"
        },
        "productos": {
            "Bowl de frutas": {
                "precio": 27,
                "cantidad": 4
            }
        },
        "total": 108,
        "fecha": "2025-06-24 03:09:42"
    },
    {
        "cliente": {
            "nombre_cliente": "karla",
            "direccion": "C LAUREL 27 27, 1",
            "telefono": "6786786768",
            "metodo_pago": "Efectivo"
        },
        "productos": {
            "Té helado": {
                "precio": 24,
                "cantidad": 1
            }
        },
        "total": 24,
        "fecha": "2025-06-24 03:12:10"
    },
    {
        "cliente": {
            "nombre_cliente": "Brenda Hernandez",
            "direccion": "C LAUREL 27 27, 1",
            "telefono": "0980980808",
            "metodo_pago": "Efectivo"
        },
        "productos": {
            "Café descafeinado": {
                "precio": 27,
                "cantidad": 6
            }
        },
        "total": 162,
        "fecha": "2025-06-24 03:31:23"
    },
    {
        "cliente": {
            "nombre_cliente": "Brenda Hernandez",
            "direccion": "C LAUREL 27 27, 1",
            "telefono": "0980980808",
            "metodo_pago": "Efectivo"
        },
        "productos": [],
        "total": 0,
        "fecha": "2025-06-24 03:31:35"
    },
    {
        "cliente": {
            "nombre_cliente": "PRUEBA",
            "direccion": "PRUEBA",
            "telefono": "6787678676",
            "metodo_pago": "Efectivo"
        },
        "productos": {
            "Muffin de chocolate ": {
                "precio": 20,
                "cantidad": 1
            }
        },
        "total": 20,
        "fecha": "2025-06-24 03:32:47"
    },
    {
        "cliente": {
            "nombre_cliente": "wewre",
            "direccion": "C LAUREL 27 27, 1",
            "telefono": "34567890",
            "metodo_pago": "Efectivo"
        },
        "productos": {
            "Bowl de frutas": {
                "precio": 27,
                "cantidad": 1
            }
        },
        "total": 27,
        "fecha": "2025-06-24 03:34:20"
    },
    {
        "cliente": {
            "nombre_cliente": "wewre",
            "direccion": "C LAUREL 27 27, 1",
            "telefono": "34567890",
            "metodo_pago": "Efectivo"
        },
        "productos": [],
        "total": 0,
        "fecha": "2025-06-24 03:35:36"
    },
    {
        "cliente": {
            "nombre_cliente": "karla",
            "direccion": "C LAUREL 27 27, 1",
            "telefono": "0980980808",
            "metodo_pago": "Efectivo"
        },
        "productos": {
            "Chocolate caliente": {
                "precio": 28,
                "cantidad": 1
            }
        },
        "total": 28,
        "fecha": "2025-06-24 03:44:34"
    },
    {
        "cliente": {
            "nombre_cliente": "Brenda Hernandez",
            "direccion": "C LAUREL 27 27, 1",
            "telefono": "0980980808",
            "metodo_pago": "Efectivo"
        },
        "productos": {
            "Muffin de chocolate ": {
                "precio": 20,
                "cantidad": 1
            }
        },
        "total": 20,
        "fecha": "2025-06-24 03:46:21"
    },
    {
        "cliente": {
            "nombre_cliente": "Brenda Hernandez",
            "direccion": "C LAUREL 27 27, 1",
            "telefono": "0980980808",
            "metodo_pago": "Efectivo"
        },
        "productos": [],
        "total": 0,
        "fecha": "2025-06-24 03:46:46"
    },
    {
        "cliente": {
            "nombre_cliente": "karla",
            "direccion": "C LAUREL 27 27, 1",
            "telefono": "0980980808",
            "metodo_pago": "Efectivo"
        },
        "productos": {
            "Donas": {
                "precio": 19,
                "cantidad": 1
            }
        },
        "total": 19,
        "fecha": "2025-06-24 03:50:00"
    },
    {
        "cliente": {
            "nombre_cliente": "karla",
            "direccion": "C LAUREL 27 27, 1",
            "telefono": "8789789789",
            "metodo_pago": "Efectivo"
        },
        "productos": {
            "Ensaladas": {
                "precio": 30,
                "cantidad": 1
            },
            "Muffin de chocolate ": {
                "precio": 20,
                "cantidad": 1
            }
        },
        "total": 0,
        "fecha": "2025-06-24 04:10:02"
    },
    {
        "cliente": {
            "nombre_cliente": "wewre",
            "direccion": "C LAUREL 27 27, 1",
            "telefono": "3456789033",
            "metodo_pago": "Efectivo"
        },
        "productos": {
            "Café descafeinado": {
                "precio": 27,
                "cantidad": 1
            }
        },
        "total": 0,
        "fecha": "2025-06-24 04:12:14"
    },
    {
        "cliente": {
            "nombre_cliente": "wewre",
            "direccion": "C LAUREL 27 27, 1",
            "telefono": "3456789000",
            "metodo_pago": "Efectivo"
        },
        "productos": {
            "Macchiato": {
                "precio": 29,
                "cantidad": 1
            }
        },
        "total": 0,
        "fecha": "2025-06-24 04:13:10"
    },
    {
        "cliente": {
            "nombre_cliente": "Brenda Hernandez",
            "direccion": "C LAUREL 27 27, 1",
            "telefono": "5526569520",
            "metodo_pago": "Efectivo"
        },
        "productos": {
            "Wraps": {
                "precio": 33,
                "cantidad": 2
            }
        },
        "total": 66,
        "fecha": "2025-06-24 04:14:05"
    },
    {
        "cliente": {
            "nombre_cliente": "CD",
            "direccion": "C LAUREL 27 27, 1",
            "telefono": "5526569520",
            "metodo_pago": "Efectivo"
        },
        "productos": {
            "Espresso": {
                "precio": 28,
                "cantidad": 5
            }
        },
        "total": 140,
        "fecha": "2025-06-24 04:15:05"
    },
    {
        "cliente": {
            "nombre_cliente": "wewre",
            "direccion": "C LAUREL 27 27, 1",
            "telefono": "3456789000",
            "metodo_pago": "Efectivo"
        },
        "productos": {
            "Brownies": {
                "precio": 25,
                "cantidad": 1
            }
        },
        "total": 25,
        "fecha": "2025-06-24 04:23:32"
    },
    {
        "cliente": {
            "nombre_cliente": "PRUEBA",
            "direccion": "TU CORA",
            "telefono": "6876767867",
            "metodo_pago": "Efectivo"
        },
        "productos": {
            "Bowl de frutas": {
                "precio": 27,
                "cantidad": 1
            }
        },
        "total": 27,
        "fecha": "2025-06-24 05:01:24"
    },
    {
        "cliente": {
            "nombre_cliente": "VUGUV",
            "direccion": "C LAUREL 27 27, 1",
            "telefono": "5526569520",
            "metodo_pago": "Efectivo"
        },
        "productos": {
            "Bowl de frutas": {
                "precio": 27,
                "cantidad": 1
            }
        },
        "total": 27,
        "fecha": "2025-06-24 05:08:19"
    },
    {
        "cliente": {
            "nombre_cliente": "PRUEBA 4",
            "direccion": "PRUEBAS 4",
            "telefono": "6778876687",
            "metodo_pago": "Efectivo"
        },
        "productos": {
            "Ensaladas": {
                "precio": 30,
                "cantidad": 3
            }
        },
        "total": 90,
        "fecha": "2025-06-24 05:14:10"
    }
]